# Leonardo Celati, Damiano Degliotti, Daniele Melaccio
# CDM25
# ML-CUP25 v1
# 2026-08-15
1,-2.532115121739603,-1.8403848074193903,6.738709551594874,-5.83926397444104
2,-10.15342239409626,-1.8877890211416455,-47.74392160598564,6.678845845956657
3,-3.0308669155577097,-2.466932747339411,-3.9140710651319806,6.685313710223543
4,-5.367184341215879,12.36235858081051,-28.90613080920535,8.435149862460626
5,3.5249784993725566,-8.668653065223767,-22.3962518154489,22.25063705401512
6,-0.40104006930578606,0.4349268677035365,3.2701837811670305,-8.417236117522782
7,-3.007882653561502,9.127141706123453,-26.804571142852716,28.98758668428594
8,1.929083889086775,-6.487548241866724,4.032517577187536,-12.675486368047247
9,15.566286536712244,-3.0127229107174847,15.964379280129002,-19.762669655519915
10,-2.5938225105639727,-2.006391686060045,4.399705387919942,-4.661515110970443
11,-6.71311473166042,17.904918819695254,0.9728996883247263,-34.31900125666108
12,-5.702130932921591,-12.621740591309447,19.50418927183852,-15.53106668902478
13,-2.910550110718018,-11.955491902306855,13.609349912178459,-12.076690863299453
14,5.129254187643611,3.0561658599542874,12.203992272207648,-2.48376470755143
15,2.384592030429638,-6.577705915459537,-8.689033863068385,6.004047752666757
16,-1.9590532476090707,-15.675728975390111,13.508992595346692,-23.185992140817792
17,-22.724776943912854,5.581693860731317,-6.019082937368802,37.15963961368869
18,-0.30870136243299984,5.883107200979905,7.119126003652662,-8.749102450807412
19,7.7978586901809654,9.18450592923238,-12.715808770989815,13.48584572228058
20,-9.608656821253168,13.81233746675951,9.016185532689185,-26.524469648239066
21,2.131891220943002,14.732646960797087,-9.528230534207973,40.41402615913613
22,-2.6475250309802636,-1.2359371727020734,5.716924811122827,-7.991432095223906
23,4.409176958483223,-5.828144525648368,13.79284228715818,-17.668716750417172
24,-12.01705015541062,12.8554624339388,-35.705414093293506,3.424498518634743
25,-13.897820006300506,-1.1349823894242341,15.333627339435077,-26.10747651914834
26,4.878902136597293,-27.82514647305505,-22.859270858908477,36.33591794253157
27,11.818456141535457,-2.2146336049033466,7.347196689008225,-19.20666574823441
28,-2.3789592116008174,-2.2995631173539235,4.134042412626727,-2.597199315257493
29,-14.688795674776031,10.745611421616019,2.0941459361065005,-37.75898042823875
30,-28.636033051325757,8.025455627527572,-45.47080247738327,8.049959163406779
31,-15.64556572091837,-8.090418154589269,31.131720635913325,-4.321271216273966
32,-8.850344496668345,-8.335114789846314,-33.77647617926105,22.65700205786792
33,2.249336248840878,-3.306857310330116,-4.892129258008864,11.007431664729166
34,-2.61760734631829,7.7963778843075024,-37.647501754450715,14.174793712558632
35,-10.37551249993902,16.080389481218962,-17.906450662791087,41.54040065353026
36,18.127950727510072,5.460056614885808,33.02420865941327,-2.8437117031132026
37,0.6777635020787252,-7.618288121656277,3.3237229662574235,-11.983605057218812
38,-7.264115602660557,-24.687686710271976,-24.01784169012074,31.17572753724345
39,24.10512102222064,2.017794537961902,-18.02925689245563,30.826406935595504
40,14.642878485440685,16.06295669733069,-29.89185950687776,14.500740314717245
41,-18.966473131037652,8.904696038915857,-25.969857496083034,18.186607153903267
42,10.973936319143567,13.038350180325645,29.574389199393355,-10.461453548537326
43,9.548227904170663,4.585238815988515,27.21727686513049,-11.697872314493294
44,-20.66851380144569,-12.978265932705005,-38.386023049625486,10.518674329040092
45,4.6279021082744,20.077110768066415,-14.965262916891598,25.02711150611684
46,-11.523849393581239,23.628784544121103,-42.43309951228244,18.465029162969525
47,9.458299911445014,1.8745203627535534,8.129060332376026,-22.19504117439465
48,25.681982049416966,-6.703237566476697,-41.75440195033003,14.64489055543138
49,-3.3013636922978393,17.2067081773146,5.5834737604058,-30.049004296267125
50,-9.936811386427998,-12.37750851907318,-5.72513801813343,30.593552453751897
51,-11.264704629857164,2.108491955583963,-33.09875566427052,12.08628411743155
52,-27.488060364090526,-15.563679575506045,-13.659713686255397,44.31776103834304
53,-11.102008595487248,-18.18889391522917,37.812602879477964,-5.250622129698665
54,-3.7195439846006866,20.91155415891598,-19.69248791111088,29.29801927204526
55,3.085049312200085,-7.548318527218369,1.907393844902074,-13.940772318634364
56,-6.510849639888832,24.098293041316,-13.644831598009734,36.6153768939049
57,26.507562834097747,7.092906834736964,-30.03897683849326,26.3688746817109
58,16.33059175558807,2.333793438712359,17.8061253677186,-16.974527639934113
59,4.863177148490211,-12.103552570631544,-12.93505504934959,40.51278761541443
60,-1.5482239963597413,28.157810278746176,-21.173730318303793,28.853103097328912
61,-15.254160299196174,6.391098423645865,-23.764487213020885,8.353490169847904
62,-2.519900524711989,18.29391067213738,2.8342219340865085,-31.57468687601116
63,19.990659411716234,-9.5926323857029,5.133221778738726,-36.755742536441275
64,-4.759338480244068,3.432117433937545,12.646825170981703,-27.957853432772367
65,-15.443681184413599,9.232797496281279,17.424549487007127,-17.837363144493057
66,1.0008652201897934,7.623018077924927,19.527280641116786,-20.09165772849896
67,-28.020127996007673,10.94232685136643,-42.93090048986822,12.368618589619683
68,11.177852564354753,11.110504211721388,28.055622708442158,-11.438773516644826
69,-20.93294355182274,10.03035789489604,-11.398422199491414,31.059598910248233
70,-4.2833480842965574,17.35386193245195,3.061510275030446,-30.698219821875618
71,-5.9758692046185375,5.0351461160161675,9.013458908399418,-25.124091742425627
72,-2.025709262175645,-4.148156807996349,1.2624879267325493,-7.906954468372042
73,-0.7996787544965527,-4.268798474957066,-10.672242179093141,12.82745302252171
74,19.469152469661232,-10.585733141480613,4.528998987281107,-36.70919101244047
75,25.489518403167654,-1.0770456197158205,-31.765894290227347,21.402419129821332
76,5.389570487201114,6.7991677463391875,-4.838460892493234,13.732141575417842
77,-4.821611798659976,-2.957186851551499,25.445514927283895,-11.692761170910268
78,-5.8446569379143085,-12.321465567368676,-10.767989421945126,27.120619070410864
79,2.1527064697638747,-3.8612501167097233,-13.661631195953449,10.988965672773015
80,3.5883716253717446,16.541704099326548,24.38081255938362,-14.970976504216022
81,17.554873511688697,8.726007181302341,33.09948715485411,-5.020263885727676
82,8.26018455023529,-13.131357617541658,-23.433887469244958,27.763300387093096
83,-10.260852597285764,-2.536797469502086,21.675049354461574,-10.206729906178566
84,-11.17379045236769,-12.679098610036151,-7.70774361666292,29.65802132245464
85,4.186445616633758,9.044219451404958,14.936875967996306,-14.236611344064006
86,2.3827867113486985,4.195347565831681,17.946455195430595,-5.303359002747995
87,2.3720562327538723,-11.624495258407757,-13.897793055981753,11.587407943918508
88,-1.303851943214875,26.638598602640435,-20.01351892341774,34.91535647086652
89,8.644061599916206,-4.850448353910456,6.918151433498168,-14.23415903178033
90,-26.934160967514085,11.472136131693736,-39.19644169277983,14.84723735127202
91,12.82442145973904,-13.820115527079263,3.1993890850001208,-33.737921232916605
92,-3.908337864045768,-5.439640615631081,-15.717572569638625,7.863062371739389
93,-3.6001408803258896,-7.91132115297375,24.10013307370399,-3.871493438127994
94,1.8877889748399381,-19.31694373423689,-28.66659362278757,19.354322998435258
95,-10.852852874801696,12.003652079091452,26.560351428945175,-2.975215251405289
96,-4.812477247761881,-1.0705165705718143,5.574337787382103,-9.820220107286278
97,-3.2330242137151144,-5.765426433061419,12.973872517430806,-7.35093460351405
98,2.1478544204444545,-0.031166067644723433,3.4084802467192548,-3.5865062359025193
99,-1.3531250436490967,0.07083499278917849,1.7354552515531982,-1.8912187041322674
100,8.096942914767189,-21.15773148890931,27.36820368737048,-13.311972600028493
101,-2.3783325508914306,-3.125646787055985,5.137922989374544,-3.794817884003037
102,0.9055211236680853,1.5181249798502416,-12.241790942199659,17.64999747081528
103,0.6668051606462685,-4.6232823804987655,-7.883470574830757,12.638464615885681
104,6.0658113755717125,1.2457829224342674,12.494367461654003,-1.0651642469673075
105,2.685848353203664,-21.486816408060537,34.529923946466994,-7.445036498305454
106,21.24921198537085,-5.7172964970989515,-5.307217563125702,39.527720354091905
107,23.16137556392374,-8.708966409076277,-5.334452127257089,41.41578544519238
108,8.970515597844633,14.91753444614821,-11.5485436100604,29.673323668557885
109,14.21531476402116,-7.92456972406226,-16.046545014305895,28.298522863204447
110,18.70992731718388,11.999466606638775,-25.391560149480025,22.186033657193406
111,-0.07703430958081042,1.9985964508528835,-9.993117833111992,17.795409320452798
112,16.91712146596167,0.47854725588693214,-28.719632790776245,14.317871195053732
113,-28.175726530084223,-13.357504630929764,-15.750215523332596,41.863932928500844
114,22.822095968463778,3.0104471729408417,-31.727857543899276,20.54080504288246
115,17.949099761438745,-1.3002879993470517,25.96446755912864,-14.024370391079675
116,-0.874143008866759,-12.44441229891393,17.173632807377185,-7.101805070582109
117,-4.59174324948194,-16.55769341308663,-7.020725151621264,24.11633932087796
118,-25.57519825569058,-17.465554531009328,-13.984688480696688,45.90977237468839
119,10.914922490401706,-5.954076294329227,-30.341176336693895,26.428552811100744
120,12.305567917456774,14.896363967597093,-38.6772730876408,13.709968660118795
121,-3.151149673491362,-27.079315476149567,-13.267519143272505,40.174473851117114
122,21.460228996698113,10.34034180275981,-29.622739771007325,18.776973443497038
123,-2.19738780943076,3.3076119840597937,5.937883947607033,-1.6889729161898313
124,-17.13604698821708,13.237382795610804,1.8615800525938404,-39.57638395610571
125,-24.09011876564141,13.949421487875057,-32.83674387732919,22.007237041367677
126,6.6904543233072395,-12.083570748838842,10.80890091802137,-28.78661317746915
127,9.061684362757925,-2.034522906666,-22.002348514939253,13.535596285001848
128,-20.47383223567157,-11.174934877136478,-35.40604292412159,12.699035230028583
129,3.585372352076604,10.59383386981724,17.1918593950602,-3.8077702823688453
130,9.49354905394723,-16.267937845927637,23.708400434500586,-20.525167794677486
131,1.5083511614608076,-2.564723199092401,2.7800912398007833,-3.445055673885378
132,-7.446801999341304,16.97589153337266,2.048281608092024,-32.67024610894637
133,0.3611795440856391,3.1747579695426116,17.861045637925972,-2.5503658924781196
134,7.005010833199449,10.340798175610248,-13.461717791688784,14.824018426357927
135,-3.3008017517804737,-3.3204733503473713,2.1360188105954747,-6.6830641061567215
136,-6.0539381670319266,1.9787866122476219,7.364970342992558,-5.848184312427614
137,0.5918674873476495,-1.3422574329116312,13.339632666674731,-10.246682808743932
138,-21.004591651650635,8.936856825658076,-10.567415857801233,31.95026963807969
139,-14.934398287485312,8.392747421264263,-22.49262493278273,10.17096792391889
140,6.680457714827779,5.980605951364095,-30.049625174095514,6.100847104899059
141,-4.597982422689245,-18.848918704680266,-4.624250923145428,32.4928439921746
142,0.3921329025176573,12.392632863944756,-7.698467387216559,40.329124472699235
143,2.286939350903737,-6.898585717119157,2.5427126226157473,-12.252285266346785
144,15.387776299848957,6.649776071661799,32.35933570457614,-0.6756270224856746
145,-3.994152866398342,18.391508151600092,2.4882109553089857,-31.92973964620559
146,0.04955310341197028,0.9328269823669922,4.950127706473389,-9.79637175514906
147,5.050873786726736,-21.746396319815446,-36.06530894573999,6.411045067982123
148,5.033339425243295,19.368860183687584,-15.009629689694748,23.75917674632129
149,10.921519686285604,12.373563482905332,-25.641060333350985,3.8496014586784675
150,9.650284751712901,21.916676534124335,-38.3884538773169,11.304455231845365
151,20.242731268188198,7.834112902956677,-30.28037099527855,20.705306942477243
152,9.589300798030596,-3.3653472387889525,-35.84935055423443,17.617561023207184
153,-20.976920758539762,7.826502197220329,-8.743874290933796,33.36483465400092
154,-1.1558152041227696,0.8426753412486377,-1.4109292845674717,4.433001689403674
155,10.677208317564494,-21.588880962257377,-8.518088995312135,44.013463610177936
156,-3.6137351001296256,16.800644985286336,4.388652964075685,-31.097277598332226
157,-25.478437323742863,-8.62318041925521,-45.819203004599416,7.9679614095039755
158,10.369893278971395,5.758714432526752,-11.517347352666304,12.259387427021418
159,6.287041116986889,1.3762026953866455,-17.579517092049176,4.3748843735870215
160,-16.459487372880986,-13.427511530653007,31.681601948660497,-9.97558453916758
161,-6.19804825695578,-0.8838818758345629,5.778666582204308,-25.6910693897267
162,11.332467061323618,4.41532785784943,-9.241248563533768,14.565390497532979
163,-0.7075755250837034,-3.126604139662752,2.2462600851104595,-5.049268940263756
164,-19.756765612977382,-6.900142034234878,-30.429138325883535,22.839304061652413
165,-3.8504082721975634,0.1747566614095516,13.669547165229401,-7.369982918465163
166,8.562467372930284,-15.147726579470564,1.8875614151789533,-35.51067845358943
167,4.839406552855933,6.439254370242683,20.452527966210386,-19.187746774157112
168,-0.42340603235271446,-27.411604298233467,-9.018763271819445,42.234788408756344
169,16.38139230895735,-4.952740212180715,30.162340354167373,-2.2908722654011644
170,-2.2199086113924453,19.397623821758145,-24.08506259558959,15.504114141550119
171,26.428508191134007,13.611611289211227,-33.23109435890415,24.592742091244936
172,0.0394045239112554,-6.714245532233054,17.41860658615416,-6.589230397627409
173,8.872417982017089,-17.95094936983687,-11.360272141715754,40.54732133667297
174,14.128492239448333,0.22807498177600238,10.753766165975728,-15.70305048080288
175,-24.08593585354067,-7.899412127987992,-31.181720968340205,18.20328166026624
176,15.924314520119388,-4.170845273222981,29.636797227651524,-1.2967641181454488
177,13.065767925495553,16.163157755186134,-5.705895779005108,33.90691419626779
178,6.057327820667522,10.298700300329763,-17.58323231701226,5.467344690348026
179,-21.29637681870677,-12.046261740813877,-45.4640898532297,4.7195351883508305
180,-5.502999034404756,-1.249356960413743,11.929028763996307,-11.882791324261415
181,-18.570098794203656,-7.97409013349294,-14.324070865044176,27.29929413566412
182,-5.350120122027719,-26.36266018232552,-16.80034004141745,36.551351065382036
183,-1.7627684990745107,2.8294506900959684,5.868145896235925,-12.189342361788226
184,17.062172229154356,5.340445469734463,30.183956473003093,-3.0814870384954975
185,-1.776825919618198,5.8125461154731815,-39.92412967548454,20.79017775692145
186,17.15524868228083,-0.04602495571249281,30.86330167405862,-3.7251189505953515
187,7.284567320743248,3.9950652356685232,14.175389804706715,-2.6844712913102504
188,1.5853989110108362,-3.82190424739679,-14.32901048343234,10.005693056278743
189,-23.923086796517516,23.941414886520093,-58.94089101043026,1.8053098720008456
190,7.773416245499838,17.420891483003363,-37.3463873500557,21.162141268218914
191,-19.474570462463355,4.601331888138748,-28.901191937202107,9.015845228929347
192,-10.868557149352146,14.79079961399418,7.770928128223377,-28.090749619587328
193,-11.679432653789458,3.641795589214552,12.18725288395966,-31.05428072473419
194,7.777704755427476,3.0059717626136484,5.583645688679133,-13.884522841156794
195,5.309900791485582,-7.288792031245018,11.388171653089262,-12.538541471070909
196,2.64838258712931,3.3066826794595894,-17.66308211590285,17.144936746535418
197,-1.0961915567545804,0.6882163798642635,0.19613572861805711,-1.3892318714361038
198,-0.03411045869376156,-2.9363084996300484,0.8979461088339102,-14.707038319723154
199,-18.760266991652937,11.086726538580672,-15.338452067175478,26.411033966468903
200,-5.520625098195053,-3.3402306366406664,20.69299037432234,-7.080666543691441
201,9.637219147510566,20.382986470634577,-40.798520640907626,11.883725797981432
202,-17.50354517939663,-7.2949054648735,21.38408469516845,-18.694166054389125
203,9.253696934270282,4.698845554987913,-12.558277220826083,11.477433135749218
204,13.437065497443998,11.347851393710764,31.062206490551024,-7.07908306725236
205,-7.543474750425468,15.800847472633606,6.440968641542213,-26.7862688246175
206,-1.6390399667702036,-0.2435616134417763,4.287143564380733,-3.065091327800271
207,-1.5733589493476554,2.2295423647263624,11.913308897665747,-13.141096266212294
208,-2.332198325555635,-3.7814508073758013,19.77756051618747,-5.3118113317879265
209,0.9378365580980385,14.713540832356802,12.102168569110086,-17.281712619472074
210,9.527936001399691,-0.8517191045863006,-11.991092965992411,10.916084679262989
211,8.849422704967592,16.92050218385048,-26.730185738098083,24.221793633423054
212,-25.155102110971832,-12.620065864940916,-46.159979216125585,6.61239337186259
213,0.23379844495173052,-18.669031154876365,11.844317523159315,-26.10370652433262
214,-2.131003856470946,-5.340713375671955,-5.554677121398465,9.169544261347848
215,9.624621042057816,-31.245144297562618,-22.778284123320503,35.26860422368279
216,-3.3776798748153154,-6.7889716941144185,-31.46279387853355,15.290309084090111
217,17.062264386053254,15.235915654536383,-26.4815109181414,19.03973666299802
218,2.6809948359974722,-0.4024184122085369,1.6024818509467726,-4.73584220941497
219,1.6341868050916748,-7.340337900985432,2.7881979273920354,-12.164592418868517
220,19.51516122777249,5.548287205490673,32.59241398143809,-6.553768928054293
221,-2.7055502920193613,-8.738462958707393,8.17976699467043,-31.486815161234826
222,19.846208090659516,-9.735055223918375,4.2856271250178635,-36.81837700279226
223,-3.650917365418248,2.2968961896409157,14.2868679411242,-25.953899473602217
224,10.504398491635076,-1.5822879191673003,2.3466026786142207,-18.563313956844052
225,6.356878248915272,1.753902406513494,-6.873644813728016,19.288434216839768
226,-3.8487649392055463,4.617801168878812,-23.55921106727827,14.68621474508924
227,2.952575182161026,-12.048710513119202,-14.040606977802286,11.194692731170301
228,-14.45838789647835,-6.621050188005007,30.88373703214597,-5.021538153130437
229,8.22773479540937,9.722211031457144,-3.5599199430923623,43.042491697253354
230,2.9643962403838913,5.056628384613481,-23.217637211182094,11.991214734682755
231,15.62505628679928,3.139078523967167,31.793070388020208,-2.4434705789667426
232,0.33764449981188016,-27.310460590243633,-10.469964131658246,41.230916652890485
233,22.571391299632175,10.309147947190299,-41.87067577952555,10.51741028464064
234,-7.1715344924633335,-1.273728831894135,6.580093319184082,-24.567829089681435
235,8.115055557403148,0.5487117694173631,-5.086903403104043,12.405356842452935
236,0.08060951186351568,-1.9597490290844408,14.753269911168857,-5.036835949672136
237,2.705885562010955,0.8338506945146028,-20.965700662510784,14.127986386243148
238,-25.624070618208727,4.996905467753324,-25.43629296258063,30.258089797564278
239,3.37920977331861,-21.677422302978563,-36.4899577748949,6.046940954047875
240,1.7299877788483995,1.579239897416269,2.2800614636178853,-3.9549929701173823
241,-1.0087511978717738,-1.9611749691371387,-0.0015658189373646061,-4.4208531431923515
242,20.490585817052747,-9.931980949657836,4.853541436506177,-37.57418528220689
243,15.138767928238568,17.351640138135515,-44.9093818215522,6.252241082281351
244,11.918593446596224,8.479637476359738,3.1589402607212453,-24.73436243991204
245,-5.50002362608769,-1.13225022427003,14.915152168770353,-9.58350511368284
246,-4.411182556798087,-5.6928086009015315,6.277501553295354,-32.73008229596274
247,-0.6310243116366081,-6.883318822531739,6.186052735700526,-10.318326356868749
248,0.6633586989941533,-1.0185467790663234,-1.53314349374336,2.4241946167888218
249,3.920758052190012,11.282909882243034,-29.31233712586221,6.699383787947751
250,16.470663924745907,7.124455288985249,30.812566942950255,-5.038189524826412
251,16.73739263336942,6.266867020579582,-17.481409386833022,27.38130035497213
252,18.895095694879238,-1.4099704634012573,-22.032986707584893,32.11326726663343
253,-19.4674419620831,14.46280841552653,-21.771165065181844,23.354308730237776
254,-25.409925138717565,-18.67441636896985,-9.881467527092042,48.30845069553488
255,11.605835244333962,13.23750326920415,-17.716882471928425,23.862247401119543
256,18.99239718951862,-5.834574656097949,-22.337511963706028,18.63500205481202
257,0.5177685095780037,3.4065893665313136,6.6322524310808335,-2.596817959177177
258,7.375006888393663,23.058058918173447,-16.778350993338805,39.79952779603092
259,-1.342024233344393,1.9351493806632254,-17.16217515827583,23.26965919763166
260,1.4691465238132926,11.253366069598343,19.90992847414566,-2.7012920437674284
261,5.930221691453998,-2.6593552794238318,10.189697174405861,-8.547132992132607
262,-4.0298564592797925,-3.1257684401493315,6.2814406032279475,-10.728342593555832
263,-19.887572453091337,-1.8181057379114811,-20.773973553808535,18.233472687804703
264,2.592801732066895,8.06411944583478,13.280537812871458,-4.418629072211256
265,10.117373713649034,-1.6586624593399646,2.2618239209052104,-17.945649933453897
266,-1.6064056454217759,-11.378682792650707,22.440226614497625,-19.905022808634474
267,6.5598332636216,27.70788635599565,-34.277190893034636,17.048598154737107
268,0.08488884072883018,16.04710510804009,-16.615334226583272,19.779041623625893
269,-0.6143413934958969,17.89350819943175,2.7664337935624936,-30.25509590229413
270,8.271570255891595,12.425190140436495,-18.43755538650894,9.68377568538023
271,3.254580921341745,-15.575292072115657,11.151522928762455,-28.76423311656388
272,-9.840269049240952,-1.6817540264327022,20.686236278720788,-8.514213829058045
273,-6.61142802713422,-5.4838824529625905,-35.36232822188018,18.76827665130334
274,-12.89762485026034,9.966051470369651,-17.338137942850878,15.957830984008236
275,2.555270223102572,-6.464383736895082,1.9960534021896155,-12.526302993730411
276,-16.691559861075596,4.9585530971434375,-27.692524892325647,5.533544370135992
277,11.91466834440686,-4.592936714773964,6.150586134612793,-30.02651938513878
278,-26.780840291391037,15.681049556126638,-34.19745075205399,23.66839574167702
279,7.41228516038068,11.87652881824988,-19.744095752425913,18.46454348771276
280,6.576694097348565,11.352996288490859,-13.71938256009074,28.424083518969397
281,3.987625704500003,-21.64967486778885,34.163855434052806,-8.057562415592978
282,1.9776614916858095,-17.55946221344015,-35.86333484862504,7.885469810781737
283,-13.56006251286929,-11.242669477938067,-26.579545691551797,19.82459587451361
284,18.411833346831564,-1.8668993220602739,26.490626630301552,-12.69139619205787
285,0.4548878557643423,-1.0486390191317672,-1.4059490216023471,2.35837070862281
286,16.163152512248313,12.547248898065597,-6.353366079107375,32.93880796526773
287,5.877056948309227,-7.74234943859663,11.443924036118466,-23.63197068737171
288,23.856959887263752,-5.411737484483884,-48.715802632880916,9.433385888939874
289,15.173556433010202,-3.1059594490360416,-23.03412301636096,25.72464514884593
290,-19.75572579066314,10.066063150998435,-12.272477754306761,28.416800541893924
291,-6.4684154209531455,-9.635045990151312,-32.75791688133152,15.759614250384313
292,-5.573550381640978,4.236175138355597,22.52281218143831,-8.104404598802002
293,-2.176634503312269,-1.559859343584278,13.297088266440879,-7.572509161857567
294,-28.19213749781337,-11.201913035992156,-20.7517800760132,36.2077815323872
295,-0.6791563813851746,-21.947645484706783,37.610630625425145,-4.100263442391932
296,4.951851712955884,13.44926326293627,-16.27855013647375,29.80345174276395
297,-13.266563195692267,-12.197260598441236,29.97563941468886,-5.200714256390944
298,18.4913498011431,5.497515359267993,31.061742107719912,-6.153995379323694
299,-7.553075404195329,0.7829243137173916,26.576453241753974,-3.1871544719068083
300,-3.9251145124853104,0.9436621182028192,5.582867887817603,-4.416663872725617
301,21.551618498322892,-5.99134536193702,-21.4814406063209,32.68498080404923
302,18.02728683973678,-15.764827141519529,-10.146856629646136,35.56165084725572
303,-7.922629423976718,1.8929775120368375,23.261441154707747,-7.24439286530351
304,4.82135711820361,20.78650472782445,-25.176103970723815,25.611189935541553
305,-4.911856703141211,4.84754454061716,7.390306067358309,-8.842429846955248
306,2.337137083865858,-6.014397068459343,-7.8378104707727365,6.4886827072350695
307,1.4656614539138575,-6.866024118328973,17.768262932376125,-6.677424509637518
308,-1.2159445319159432,-6.988341474093002,15.093233495429086,-8.991030823133123
309,-6.300429231005665,-22.93635719247694,-19.167111281326918,32.46457216629793
310,-19.962232697088716,-3.2014139175770473,-16.071979900301443,21.7172821917924
311,4.486401239984866,-26.83958374537827,-6.406431366506398,45.85089365369262
312,6.395274745720478,6.353414578429206,16.563752909532486,-0.8277763591413643
313,9.803132946655888,-11.196988753807487,5.48645130261997,-34.71692229677427
314,-26.25774570421356,17.256658271047733,-54.27121251579012,3.4170763170445344
315,-3.6116036567656393,-15.494096766833335,-8.131737477920053,22.769554995196565
316,-0.7802375647074911,1.1215111786063736,0.8261691352613174,-1.085476821932545
317,-15.12005963041192,-7.041807797968001,-14.29161132035049,24.13803358022968
318,-3.9780348142688546,16.90325881218334,16.210326818104274,-21.131884034834588
319,0.9999809071565973,16.831622054468777,-22.329925990986528,16.654872843683403
320,0.17966205016229808,-7.609361008204602,19.254208575115253,-6.508765802107556
321,11.109954844967675,8.380710464295916,4.364983852410129,-24.13763874998745
322,6.112453142992454,-0.32460097433230395,9.68634158675168,-1.9239642127768177
323,-6.0076254626355325,-0.8042255413537274,7.726756534253244,-24.43224882031535
324,-9.555885737943314,-14.225459852234243,-5.4382378230472375,32.10172005062821
325,1.8999667946331766,14.86145278198914,-13.162048915042202,16.64283098877252
326,1.5674375010128925,2.2445089238292435,1.7441789885628014,-4.512797928852238
327,-24.49397134728386,-7.6055720857135665,-30.58821039315587,18.37575230096952
328,4.3928988382892555,-24.653439577563482,-10.776675521842826,43.02917626686531
329,-1.72661100007884,-1.9055779980175769,1.2485623188370105,-2.8516234796056907
330,-5.76777294604361,7.869217018930253,3.101216384769736,-15.37745007404093
331,-10.025032866622421,1.8183626326946662,22.20417449671614,-7.725881488310492
332,-2.6447570529376403,-4.6788616505382254,-5.891714580932139,9.112005306517663
333,14.65820994582499,7.195936915956989,24.14848029655667,-8.458966423356756
334,15.838985051777842,3.724466133615847,27.936074034265488,-2.8758216009928894
335,-1.073118787257521,0.6391375242983537,0.25297213598473967,-1.573074030105263
336,-15.03014502644267,9.41303716761724,16.782552833031918,-17.26314629109241
337,1.576021393496373,5.593967347493235,-8.10814390538559,24.808053673029562
338,12.483502982282662,-10.13867707597984,-13.724407318856043,31.144737059746333
339,1.216569069676814,-0.7309700850036172,2.299861667326801,-2.0953376700379134
340,3.995658046534642,3.5301583050982317,10.531621365065726,-22.473530740835105
341,-10.019738367476847,1.5676851293364864,14.954911348957204,-28.91127118647992
342,-1.8471760464049845,-2.33654009541132,3.720170830271712,-4.281608264145183
343,4.160028181599507,8.868065095554556,-6.851877642446795,20.203254271836155
344,-4.076021886053056,-16.015484224279156,-7.534575678109071,23.26422903714024
345,-16.137260139580086,12.976110413008842,-18.38099171170547,24.385267563377838
346,-20.16869926086749,-2.3757244473510206,-19.76279650134402,18.122498291533148
347,-4.834187236039627,2.2990871624731595,6.3534929040190615,-9.887367482306026
348,19.594419044025912,5.6071476536009675,-14.577317547161941,30.203844621809537
349,8.939601464446023,12.074140476520453,-21.942490409784316,13.873480257623111
350,-17.60001891126886,7.4199104883708,-32.865957888698,5.372608568176233
351,11.441172125486109,4.895110101994726,-9.376524955284266,14.303607965636079
352,-24.4100174476077,14.180962030641393,-32.19644335880316,21.949550570998753
353,2.4003567685668803,4.451979289632168,10.294838937919605,-3.5830086795405247
354,-1.4544703445349947,-7.762342359812841,16.74372582467381,-8.52761223997786
355,17.12217683095122,3.4418213062468435,32.77622329604377,-4.381407884977337
356,13.143315845414566,-8.878519180070425,-9.574977456290014,35.12031668208179
357,14.39782040933881,-15.401051065449293,-15.74598127529414,31.084602630467938
358,17.965947424799687,8.353834681096922,34.098301160216316,-5.200927311078702
359,-2.0100807234908613,-6.596914939499181,16.940642260560338,-7.561767663659023
360,-2.3819485811952426,0.7860442549506831,8.247669334724511,-10.111649518633671
361,0.18205885017592438,-28.455268774932964,-6.196651232934221,45.24780691027494
362,4.697457406382845,5.963348213870031,-4.806933244496407,13.211891947625606
363,2.417879986665517,-30.460397471383022,-18.426454395769962,40.61401986982939
364,11.876515335863438,-18.985427438321786,-35.884008445945675,5.530805047005606
365,-21.556420088236226,9.8886756838944,-11.042075699746784,31.799508032554748
366,-3.611202079519411,11.754759767790885,20.349781895382492,-1.368119085236724
367,7.499153922892194,-10.782350879435882,-30.929432265175723,26.862310022825305
368,-5.018894460994535,-5.3083565762985385,12.62090550907863,-13.779795775216106
369,-7.098304129329181,5.3882334279971955,23.5687391094028,-4.8192126777350905
370,-1.377334772028503,0.8030412911668069,4.593140046411838,-0.5847182304040968
371,-2.8102697892346935,-22.951911073002417,-17.77142000048142,35.89574647370208
372,7.20617833632887,-7.485180149849162,16.53570580708551,-7.828262223714412
373,-0.3943251655638373,0.3227249008367415,5.864897092957555,-8.996829723354978
374,-6.524810964468774,0.8145617476684751,-11.888737606096832,10.46631706013871
375,2.5176618469736227,-12.977666104753094,18.13447057710051,-7.298521430622815
376,-16.847256330293003,-4.216795754183441,30.376364503331793,-6.357551316202002
377,18.89848159736429,-12.911496167320214,-32.1105271576225,9.252585191041474
378,11.858485272597342,7.22651902007818,22.101071646347506,-16.910628153110697
379,-6.582387612338385,-10.368033575750653,-24.79736046422107,3.295500741219283
380,2.653846724729216,12.591798684731165,-8.417081328595621,18.502235078424732
381,3.3556356107438865,-22.321168055920374,-36.69978240646602,5.585677870199225
382,12.533272959370253,10.893387659092706,28.28770808325826,-10.451170251247332
383,1.8056869721027295,-6.666288676840896,3.02559742206093,-11.728972778418232
384,15.109438459270221,-12.812279552791242,4.332881092306621,-32.34323459412053
385,3.325803777417579,-18.84189368400113,-27.886218340310187,19.2659223453441
386,-2.6318477968536196,-3.5979786507358242,3.0060821012843206,-12.49533554192238
387,2.338552806718898,1.7749965671466195,-14.020859051673602,9.46389941488957
388,-30.143731442298527,-8.945666011120144,-25.910264115483745,33.52928153113383
389,-14.52583679955597,-0.16540400899369154,18.800574036209447,-9.940025214708816
390,6.145303579819664,11.616854900962155,16.521009627799202,-6.150206169292165
391,-0.7355859607830545,-2.8565868216861605,12.339331441540535,-11.053992516545932
392,-21.059224988935707,9.693935535979584,-33.693396908865864,26.177748941956207
393,10.281996647976586,16.51365079864373,-34.533700879017225,15.234358544902417
394,1.3426536425830626,17.174045305803293,-19.40915547990904,31.646476462277143
395,22.706263766132448,-1.4054249917435613,-32.43082390797622,22.221677171912372
396,-6.565113023294543,7.528401523975725,-21.075686215396388,19.543800096432815
397,13.65922752569519,-14.711823609872992,4.750935387801564,-33.052790334611345
398,12.32829500820381,-2.8917603645492145,8.48125531129913,-20.41266233447749
399,2.9803300498148975,25.954662112029556,-28.227133433791312,22.402175419054277
400,0.3353126097222905,-25.954856191399948,-10.082368843537173,40.932937487015536
401,-20.77748675520324,9.832397715706572,-11.365724131971634,31.25200093255338
402,22.457666269251963,-16.874698938998293,-41.633925606297375,15.225016070560544
403,0.13162447547612655,15.700785092954876,-14.562793493108847,25.86625297418682
404,-2.183897058415635,-6.176382141591668,12.007925395169034,-9.408248335365796
405,-5.944485220139194,-14.880163070225278,25.541216926357745,-15.452739241977419
406,-10.177710051851115,6.9614446125066305,7.210225756598485,-28.537967959795473
407,6.486021340025137,5.2173373341877864,14.119645741137113,-2.399858693806702
408,1.989416236121156,-0.1543631484854027,3.306844170931935,-4.412585341717187
409,-7.425833700523705,-6.0461648906232535,15.04897925783476,-14.979649242740296
410,-27.268454004888056,4.269313651000586,-45.18686766824912,9.995490345940485
411,4.786845183752538,-4.382234569117712,-34.36128522902215,10.515559158283176
412,-1.8016248328913407,-16.086996756837525,-6.500899808734809,25.130933663358206
413,2.131417487807508,-4.788212531135367,14.548773218188487,-9.818093415525308
414,-4.156056220301613,1.502152731768775,3.232263208686141,-6.534770188910409
415,-12.198717646180185,-10.303181089167937,-8.719305741894413,28.010936642476533
416,-8.703546703815537,-16.074770038157997,-4.866879367966951,31.605515644087756
417,-21.61735029082429,21.99118307354928,-59.7463091993733,1.9464141694282389
418,-0.7974575966266826,-0.8261882735952165,1.3674555474960086,-1.5520199905228385
419,7.235607823869051,-26.162946956305962,-4.534361535650087,46.69317019157315
420,2.060678902152377,-9.990784573474842,16.31368432530875,-4.239616344011366
421,19.151179872461146,-8.333484685677247,-15.046121120196526,28.74754795382159
422,-3.0174577723415066,-0.4438235115954267,-1.8898560481928892,3.88678827620421
423,-1.09652159841584,2.505085720803973,-0.8660944899870554,7.160981597121802
424,-13.88735121729179,-25.591402370625456,-6.382165482938636,51.710139179351295
425,0.5527083403845405,-5.47589638859582,26.170417806333635,-1.383420981083793
426,-1.3589235895250473,7.557224064445459,10.947218062999795,-28.805214545484223
427,-8.189134981683356,-20.402759062793876,39.48807278156421,-4.251244562034372
428,-8.042474029196987,4.728607157344587,-12.151783600409487,16.211882910576453
429,-5.767987547999144,-4.3205454107383705,12.676709962457588,-12.15186641610994
430,16.036633951263,-3.68218393285028,30.21859965281925,-1.0929000683589
431,3.192478917499129,-3.250749587787482,-37.90784473788878,16.03429474782009
432,6.719012259640023,-3.356695102898538,-25.353072653681494,17.94909395267336
433,-24.83672611334637,-4.602003955698063,-14.273807914913018,43.673733962028166
434,-15.949748254565494,0.0964660375178926,-12.45714114565349,23.9252554593161
435,2.8607468393841295,-15.725758814272757,-3.590349212225473,27.238249270698542
436,-3.6585625886012427,2.2519791564947624,22.024088001320624,-7.666730681872977
437,9.44402690875422,-18.268231285104797,1.9413962659605608,-37.615429408341
438,9.247276394843304,9.937012327766974,12.154087162704727,-17.38001838485117
439,17.20849512289412,-11.288512697961568,6.508338604515623,-30.47092459086848
440,0.9511951754615386,9.936397350748102,-23.15953754179318,12.691540712402789
441,3.952749266355247,7.458740673804163,-19.439524245879213,18.820501423114823
442,-1.1911837893272332,11.963134936530086,22.01308056235113,-0.23033498774516675
443,-2.273766215322849,-20.966714299379284,-32.23594194251398,9.71744164423623
444,-5.978663376757153,1.0169898645338729,15.008267513897872,-24.913654815836345
445,8.149700269725974,-3.4144277104480096,8.343397443012748,-31.76375763361667
446,-14.549343198712428,-9.161305264726796,-11.931273475724929,25.523744558891025
447,9.894420110547172,14.696968634059045,-28.52582137179847,15.148185450594237
448,1.0136930824274186,-23.67905784904222,-17.13917710975877,38.522182199248576
449,0.7835173518645135,8.95668999366273,-3.7597308122199804,22.6647664507884
450,-24.01819877777454,-9.364780587372007,-29.190475067277617,18.76975384338286
451,-21.053642116248366,-11.308280303121695,-33.24124818156219,14.596038667957588
452,-3.230644181902943,1.5413058452726172,2.7309049938996677,-6.8190921520529635
453,9.75545255847589,16.26577834892981,-13.172053128791033,27.168866266401608
454,-4.603591816917941,-5.001708184697439,-16.806545448707134,7.440772252935837
455,13.44863366854413,-13.501925270965266,2.5986210580087015,-34.629414832489566
456,1.389436679596163,-20.03350304130717,-30.619378773250553,11.917093654128843
457,0.6894429052509854,-1.3719544232891667,-1.5111022159805811,2.482375613660662
458,-17.939654730548003,-12.141831749562044,29.14158266664723,-13.838969493400503
459,15.911781090586102,6.796732886898958,-26.097232072732634,17.50725466631868
460,9.733460600029087,6.447823371806412,-17.79080821548322,11.622280606776437
461,13.073399385070658,0.847106610524845,18.487276682536844,-13.572024352638259
462,17.304167731453926,-1.6423017106755247,31.157107662886023,-3.033950503380022
463,-23.07332805271631,6.939115667055583,-7.2034562925399594,36.576873643730075
464,19.10642892805013,3.375163426694684,-15.258216123464635,31.484687890439783
465,-10.976249777301172,14.299702241896421,-32.86386128071554,9.08796956808753
466,0.16531950786538535,19.516440322354388,-23.80376783759181,16.552843614605663
467,2.7083545216088623,-5.982060352982654,-11.837426126797272,9.304354145196356
468,-19.986341863326707,-10.366227795484102,-32.42032064184576,14.91441229765661
469,-4.893965938690662,-16.573376976869255,17.03319442092299,-20.55713893552943
470,1.0879738702988087,-6.746955903665792,3.36486325145056,-12.386446311515407
471,-25.03960387379431,7.297067761238697,-38.93039952431388,15.003381372270299
472,-2.701659875627586,15.271680729988393,7.0181492635137275,-25.42330572149055
473,-26.91986663817392,13.953265530060458,-50.33795029081062,4.984045483431688
474,-5.099247805446601,-5.6223462067907155,10.826398724579168,-28.571653546690385
475,5.830694271039217,-15.11779068061651,-27.69009183460273,27.069835252416198
476,2.3184731307666215,-21.9746212783745,33.9407786905435,-6.885124499402999
477,1.3418286420697434,-5.884164695697285,-22.970889099922793,11.404387095664005
478,-2.774504616129384,-1.7353108372315582,10.232329760035922,-19.17959609133908
479,-0.8029204999527381,1.9684004541438889,-26.98251957533985,7.390889431809596
480,12.483120683649389,8.680426866978411,-8.264109586573491,41.20493453582521
481,-1.8613108999648946,18.075088486222647,-24.604854587848486,15.604187131566597
482,0.3894994249363227,10.505923418897492,8.31904562870704,-24.745340589495765
483,2.8221841375828127,-6.916367366705348,1.9808170576824078,-12.327747968714997
484,-6.293725460720582,5.855171878434661,19.808253938982705,-14.604384480772579
485,-4.859145867064997,21.081516024284376,-44.792790344938105,15.62176599400465
486,-24.070411071789383,23.863694818479487,-59.6678045780959,0.30865695948047256
487,19.543477295313554,19.48305090694659,-26.080164757606717,31.285651945906196
488,-16.860748624420623,-25.76880034264216,-3.441769357397036,57.145586802505505
489,12.0714406724325,11.583502373517362,-9.366514346412766,31.615797581178587
490,0.26521883747449077,0.7819346518354591,-11.881004622389302,17.64225962450432
491,-11.14636128362274,3.644952919202339,7.3820671266475575,-29.800242582110872
492,-15.676380884538323,-0.2805795326574179,-8.37699371652938,28.636342375029933
493,5.982731204360713,-14.41722417350884,10.898766649937746,-19.965316531964138
494,0.545163117185853,22.35391300768057,-25.930632800138437,24.25542991216609
495,17.597468105566264,-2.9073002024193837,32.316539461949155,-2.2762745827684143
496,-0.4724208600869706,-2.4291844155621187,3.8481834771766854,-5.2354152577525195
497,1.4313427389126439,13.06828784322262,20.847329786026023,-1.9518738690772701
498,8.718074308006155,0.7137633214782628,-14.163368934720932,16.912132878225986
499,10.650867943961632,18.01392142717424,-40.37077191573697,19.72364307343384
500,-1.2174515976006495,11.759056203361974,-34.505496266163306,2.8055771248799997
501,9.203736077749921,22.647476294007145,-36.21019580942498,14.426316565504402
502,-1.9506554401419713,-15.098171295015877,-22.381113619803195,24.72517301502242
503,-0.031017151130769527,-1.353246161988724,-1.7329044494490526,2.682971925231132
504,-4.996646614854894,12.74655571383526,20.271122401271615,-8.467898248029611
505,15.7105351990503,-7.040659320074498,23.548015490345378,-17.181471536436618
506,9.086175251771065,2.6616342163677875,-5.3815877033583766,42.3313912447641
507,25.034586421311335,-3.056950383949114,-29.787075267300075,21.29220601047477
508,-28.75434742083502,-10.740157881840618,-20.586458129677276,37.24749383936033
509,5.325489945790398,19.566929196541974,-17.519430577933683,22.963469312595606
510,-6.276356415912177,13.720534381414671,6.741326193189852,-28.816676604596854
511,8.791948957929552,-10.727507208995055,-21.347331753687943,20.340010467669426
512,-6.806810057767747,-9.223353250908282,-23.692312686042598,4.305454670330463
513,-27.00526498377366,22.06812609606443,-59.97861566465365,-0.7340294623739598
514,-0.6632997786834615,-0.18277958629034602,-1.295736677664727,2.4326364961653044
515,2.7245632831986306,-19.780874684200857,-32.871384046555946,10.963092805006148
516,3.816187612420861,-5.656034532763365,-12.215426514042338,8.872355130583653
517,7.821564383878285,-13.981854230782739,2.5152760683736988,-34.38600029469238
518,3.8348786262684693,2.2567940548497094,-14.772204129210882,16.451021094252113
519,-10.315396851064843,22.368323180912455,-41.14045436914596,16.082829213635947
520,23.0877658780643,-10.794826339364556,-22.512538572916753,29.794128576486965
521,-0.5261206415531176,5.050350016289985,8.476855062876638,-9.248435523893392
522,-3.537620089481677,-4.7252488123341,23.228744968512796,-3.3174265703595065
523,-20.163678824310256,9.47214823944816,-10.812892896732432,30.089388419315522
524,-15.913911104649895,-0.036209137078123343,8.508646175291526,-31.504091709353716
525,-11.721601048516344,-16.150882946343355,34.748039272243396,-9.276170117297355
526,0.7887510981096958,-2.936498571060789,2.787004643055228,-2.896324647028766
527,-14.585432879047922,-10.10952714432836,-7.221873879129463,28.954293259180584
528,17.54738350294463,2.6789814972435138,-13.47750375632303,31.489953916663506
529,-14.032705554110233,-15.198455829464946,32.60860353646433,-8.956515034969682
530,12.411322278801437,-0.6839505371364021,-2.95096923893527,22.47972392752982
531,-1.6573553202740143,1.8987941030519373,8.759626801641538,-10.705089199768754
532,7.784043214488592,-14.923773652959545,-30.851348761455487,10.045984317106733
533,-8.016121634904842,-2.7131636607975778,-13.440584022871416,9.92248929485969
534,-2.340568475493792,-4.470745148746694,-21.41550232398155,9.26333778982674
535,6.000290204088722,10.413166331866682,-12.094992651629386,21.215397607766693
536,2.892563937353972,-6.885939904989801,1.1661467474508296,-12.922270297888675
537,-2.1264300853102225,-3.24559664436901,2.238547534770936,-6.4648032500267325
538,14.118335759909213,-16.63121887985378,16.70448106880024,-25.58977482135216
539,11.711279998115035,12.229320598374192,13.291584372272762,-21.164329608854093
540,-1.923205279462185,16.305515882431692,9.520085926142352,-25.845476565974444
541,5.830282136902226,5.5021267787981625,-17.080886813629316,9.871492304006066
542,12.13348983635857,15.005191009760884,-32.492965765143424,19.30075092968114
543,-1.2909531157464678,0.48299979262928733,9.0106543672612,-1.557110946303699
544,-19.32105630491304,6.66764682611722,-30.042681300369928,9.143374015470483
545,20.332269701071112,1.3990919664329255,-12.088161433725839,32.02058499711076
546,14.539177260761269,-0.879823140993025,14.177939651479502,-13.84647250033123
547,-1.9234768571444931,17.230491010976472,2.9613054430562213,-30.713538136274913
548,14.37364809310315,-2.377981704067365,28.101030258603526,-3.981518575122941
549,14.037727983780943,-2.2233927374558458,-7.861050964880614,19.143686401303558
550,-7.868466818380812,-1.777484696475783,-13.145399662322161,11.548528187391526
551,11.870864022035052,-13.826322493426119,4.3845554860029345,-34.37658493565118
552,0.13938770748305618,12.188588398167928,-12.335744662634633,16.65505260993685
553,3.1921667667299896,-12.957643446596594,19.75140343085405,-5.461677020968258
554,-19.74431529033104,-12.663347516419654,-37.350689368300316,11.336157179655466
555,2.528937061517629,-27.294567954027016,-6.992710780107753,44.50528362465389
556,-2.00599916236393,0.4758426442624934,2.7131793158799025,-1.535065314136174
557,13.800271415167552,15.12049110124874,-5.213068827306237,35.44642646735697
558,1.4767831947065775,-1.166637050521913,-4.519010815297172,12.871444260883884
559,1.6552663351300123,10.012724353292372,-11.400080610709885,37.08871584984882
560,1.0210290356166019,-8.213885953899673,2.394149231441576,-11.486619491557931
561,5.250738678281158,12.326856271783374,-21.04824792042451,8.00839191617487
562,27.185367695262144,0.7304020851741098,-35.56010893912258,15.484064403004941
563,4.815220179909715,24.62591096481022,-32.07416905043482,19.22158128388454
564,-0.4939487527284593,11.557804357704777,20.140860021874087,-3.770473454903307
565,-18.948612875382914,-11.752703628036208,-36.548114816509106,11.715617750726762
566,-27.757599390585284,-16.136555008833408,-12.135094895804723,47.07788915158788
567,-2.345243783019642,7.24828181758668,6.667145510263835,-10.737737981474455
568,9.70198069700564,13.009344245788164,27.831174915352232,-11.193321740049296
569,-6.544121819926262,-0.11365660704195486,-12.494327171210024,10.265165336418596
570,-0.6984564149421462,7.166528891022735,7.412537764531403,-8.112388423400322
571,-17.593834418541586,-11.402059560792699,28.42685586868402,-12.939332199778466
572,9.953499630282668,-1.72955660794005,1.935733678107714,-17.727842732260175
573,-8.305766983961261,-1.6170047842716617,15.877330853009589,-16.090284670488344
574,9.947796230721735,-9.572947756971146,17.451967888885065,-11.261928363861488
575,-7.836216097849024,13.152298360929702,-57.74935475235277,2.5655884797109603
576,-5.913873380925425,-0.16619354316766097,7.550865241294859,-8.137253051591939
577,-11.92351502569788,11.471670868648463,11.286564912660086,-22.19177804298851
578,-3.551795094304289,-16.459905126598265,-9.766540708354297,22.599184021860374
579,-14.424724952510621,-13.930150859450588,30.377309749375854,-11.628650988265157
580,-0.4964165560748769,-11.293588847274737,17.01468426465404,-6.902424974520194
581,16.06672223393739,6.209484243839562,28.205060755219247,-5.744724005596977
582,-9.393226854209598,-25.768659597812416,-10.95987644850902,48.18952453508109
583,14.300839227143744,-0.6159869851228633,13.649374762549282,-13.178553435043584
584,13.018455781299696,10.766064082877739,33.33964667612526,-4.623725440699605
585,-1.9565187864282658,0.7332391371149117,5.411178928477029,-3.6521865466441925
586,2.74457174957898,22.217165894355595,-38.33218908825679,3.4858870906200456
587,-1.675896775398845,-6.125783716436636,-5.468895983341567,9.490676910539413
588,-0.9569394043222917,-7.933191752736327,15.449793926374916,-15.276628290489004
589,-1.0830060210563386,0.40784786025768444,0.03189361497757448,-0.9569595013858644
590,20.569837458904523,0.5805007089020516,-20.39053705289625,35.613467310864834
591,-0.5686614767147666,-0.09901853256224895,-1.5182232929045973,3.0532741683071003
592,-5.882568954875447,-1.9637234741459946,2.8866985408587373,-13.731066125153928
593,-23.95404198084765,-7.9669770877970185,-30.62875159555447,18.101584062783484
594,1.3497427117920056,11.171816419112817,-13.524851783540043,19.362841406894592
595,-1.6372533775965263,-1.1135722299010564,19.114139692751777,-9.33686847949494
596,3.8322160250943464,-29.372112045576685,-16.535599903553173,42.30268352114913
597,-3.68278413555544,23.94871756947288,-14.757572214255571,37.10992581959379
598,-5.590963553874818,0.6936072699491675,-16.617016004994944,7.436607059250578
599,-11.292580812151165,15.745352478661239,7.046114598659874,-29.874763019672194
600,2.013755926750828,1.9041133870996727,19.02113343608894,-11.569856647654493
601,-1.4362378380250733,7.167357888517466,-37.91845486173669,14.413412955519378
602,10.275626783062107,20.69491336164546,-36.568362641670724,6.87395526121043
603,1.3890562187487268,-4.7338780839737415,-8.090402530215245,12.774999728327616
604,5.188403816051628,7.031964471824043,15.776018548467015,-1.3516015329192375
605,-3.152593443158419,16.60061299817035,4.283728874185673,-29.021159945983175
606,4.727497684409549,-1.9606907760928591,8.409978115560188,-2.0999681913510546
607,-15.445351642123724,-16.174721755765056,37.066651481089814,-4.14121613451851
608,-31.82256965679091,-1.3813629113450427,-32.01256028486218,26.168984492484746
609,-4.588066066137903,0.7179068426335067,7.315809412740624,-3.173349563257059
610,6.460490687711321,-2.840895391696543,-16.685196385529974,11.425062112670139
611,-8.583732007622675,-2.763145731059472,15.886023325638735,-9.044865519263029
612,-1.62353095011034,-0.08542603367320245,1.599604814652722,-2.12660432088556
613,-6.073038621118443,17.815791249982365,0.781259237642474,-33.156835931228784
614,-21.573525476368545,9.674008279406166,-11.2348230762572,31.591231562013608
615,2.4212369655665547,6.6803802689223355,18.847306341926416,-21.52402812309523
616,5.561356618279839,5.6655572638274565,15.548741838588766,-1.7320353587811301
617,-1.3546052769568935,-0.1784128648993059,-0.34574261212357404,-2.6268026486287286
618,0.614949448963478,2.530132929781567,2.5604407747401727,-4.20532480276122
619,1.0393683601506236,3.1796409405040507,-1.8867528656502353,9.20820396240894
620,11.282320831706159,-4.980367449149851,20.632545521364932,-21.817812139401255
621,-0.7538694575397348,0.03429842958331833,-1.0139970111791206,2.3235131871542185
622,6.7078052303466364,4.238536122943748,15.633739963775845,-0.7953054159596149
623,-5.916157836137262,15.014061086439897,5.690379527713943,-28.951951530571566
624,6.590468684676839,15.18776260266231,5.811271255095301,-26.25005633864177
625,-8.840873356550414,3.142921981327499,23.547695824085448,-3.887569418554422
626,-20.039636106430915,-22.960749897460055,-6.245459188447287,52.402762289526834
627,19.84853908742658,-10.067089590910552,5.389115028783346,-36.10953444196459
628,-0.4011212007970228,17.645022295142752,5.730602396875277,-28.71486340036459
629,4.931661185204422,16.46471905114532,25.78355419711949,-14.85281853250521
630,-9.624010908703672,3.5689254432345656,21.640137730585014,-7.113343950837885
631,17.92274087816629,-2.591941995533372,26.19864527788113,-14.426360175121326
632,-0.8016086078717027,-9.657478232067202,17.033355172995936,-3.1569867342060154
633,-0.2953048508846639,-0.3621499644263225,-0.9826484670568496,2.724269589864641
634,20.844292180417455,-10.623340951858554,6.168599407321693,-37.37781600987875
635,7.517980577757253,15.604036300050645,-10.752369690914943,43.61081934947497
636,-0.19530116365134664,-12.331137621247121,1.5551080525165353,-35.855454189958344
637,8.001891732512037,-11.397064021445471,30.485613376875154,-9.342189429589862
638,-3.7516687996971836,-14.467487830267915,-10.12420038851909,21.086294290050915
639,8.002883336560792,3.562241044510766,14.583248336271346,-2.4399355955256015
640,-3.320204284701434,-16.40624174646683,-10.969312829105547,25.42692497602457
641,5.5266028036724,8.594203174069145,11.184175357167218,-16.15036653647925
642,5.469714188317971,-9.1666773340418,-25.93363609548194,28.69598650219962
643,0.32144856810642475,20.500344897284016,-25.40521522415017,25.867242537653553
644,-15.539869594528897,4.872948888500389,-25.646338416302424,6.44873239577053
645,-5.114971842601804,14.446441157090897,19.773382621256175,-9.44452763029259
646,4.761920649639079,2.6648922591096644,13.361122371920075,-5.129559217424795
647,4.285688218286742,-12.027217999989217,20.349194714717335,-4.86569823877726
648,-10.5284773889365,-7.905100518490795,22.60719758330099,-12.506079077891153
649,6.253042976062292,1.3209787581270844,9.745547009125495,-10.051571913559672
650,4.109383382903248,-2.3986284012991725,7.467283307419866,-1.5045315933488939
651,2.6658679036457325,11.600589685151519,19.492742133933483,-3.999827979081421
652,4.8119526057650726,2.11935808610691,-12.05964580645284,20.42097354841944
653,-14.842284168706623,3.2616626556652233,5.943616927709228,-33.48481608951618
654,-4.616044898303354,-5.871103375001402,22.008935795880443,-4.468130828127643
655,-18.2381745066888,0.4420650257619478,-24.460002358043237,14.54622887921673
656,-1.0686514443097406,-11.42438559715444,20.639054305923977,-5.170262233239982
657,-21.998301631119734,6.258836344400653,-6.732965282835985,35.294461342323245
658,-6.167995538802121,-5.753958773767906,7.715637261402266,-30.39709423860866
659,-22.715658527959874,-17.636496361014746,-12.029925195904408,44.3723281553235
660,1.1119977858164003,-15.512565079266098,-3.2725107255161006,27.30275457850708
661,1.9050297490086325,-10.051366665672766,16.89166207208844,-4.758867643791552
662,0.40086387900988546,3.1436966359531433,-1.7104807788151857,8.923265410857525
663,26.026061170164894,-0.883900590123706,-3.6784812674204215,43.20466422460055
664,-2.9031510439768358,18.92875075898357,-26.775901932174087,11.960612577920777
665,-29.607419641735742,8.273028780711552,-46.75868764752522,9.190631377038287
666,3.0528591206060565,-0.7553438854472492,2.7051455877217636,-4.618884595680503
667,21.192903869339663,-8.760650013367602,3.7137115595076793,-39.58450373659044
668,-11.199348158802014,-14.902415427951365,-7.862226902607783,50.42554223082938
669,12.63743756058374,6.706262273764914,2.7449359415619887,-24.74848738398521
670,19.275831206170285,4.70990643633528,31.82648496777685,-7.445813520346469
671,-12.10870747719275,-9.637365258034027,-9.209894042676838,29.09441971604828
672,-2.2009747609288137,-4.1266693558035055,19.97576446869461,-5.645596075957564
673,3.2649841166628564,17.51805997731123,24.63217067016588,-15.37413481475551
674,7.372365065143023,-16.349646980477736,15.426514880256777,-24.474324589581084
675,-8.724203716270853,-9.025846131056854,25.964024050734885,-15.559468278335629
676,-8.360217417463554,-2.8671033981436116,15.870198487551773,-7.957957290081232
677,-12.652003142897723,15.744355971953437,6.54138348376084,-32.47814463009276
678,-1.2759628673719356,13.551426638096643,22.926078763205318,-0.8210395921775215
679,-6.576349706072825,-6.046526461546134,12.946624781331138,-7.182771063536835
680,13.927043490074004,-15.991702219729968,3.9856536502956725,-34.689622023227585
681,-21.42378398294232,-9.993931797704478,-13.064460624432236,45.64768847239814
682,-0.22584650868540238,3.5288955697498805,16.41231623205426,-3.3027540675884515
683,8.321073154205282,-20.17513733729197,24.999795467021634,-17.54686042922291
684,9.921029953999414,-25.948074176851726,-1.6011008721232423,50.72151241263091
685,-1.325759283368328,0.1424781490166931,1.6224155174459178,-1.88254477493322
686,-0.15692301861599103,-25.161743294689572,-15.627126190816432,36.42771238290459
687,2.936573788026385,-23.08377708101346,-10.6711726741812,41.98786292478492
688,5.746314093263411,0.5390105723004008,13.243900600211354,-4.598383721260606
689,-2.6498954405570028,-11.383974325364727,17.556055026782357,-19.855897465142593
690,16.15788620373786,9.92394390394129,-6.528070807311397,34.067752063915684
691,-3.7221772894964267,-2.9998595118481157,5.634814569048185,-10.61377733771425
692,6.56355300559183,-18.007378129423312,7.354020134830715,-29.953420789762244
693,-13.102770846885171,-2.686934066126195,13.6698131106505,-16.21119714329642
694,2.374549169371815,-0.15146473826624252,3.9925823750318523,-4.168181371151401
695,14.053444126491378,-7.736945229843272,-7.699321340508017,37.18713554045023
696,-2.3498596440639803,2.0785675462170055,6.7423883208328785,-7.353846196790301
697,-24.923119774910056,20.017072617834376,-57.20142125062413,1.287783560904504
698,-19.52223583692383,-1.607617021640646,-19.73207025429132,18.403561843259276
699,-5.785852052043395,-9.909814951837905,-23.829461143413,3.719803194046033
700,-8.733369790223097,7.082709234395427,9.689781283178615,-22.092720971066207
701,1.681392509402766,15.799067885777236,-24.02919150829594,13.165679063118375
702,-2.2016976732863576,-3.3582921704694293,-4.8272828583983385,6.578316378505018
703,-9.473928954962938,-15.177986513424662,-4.984326503879034,32.148492117656204
704,15.657202770264943,1.3563067958151924,-21.46398613194927,28.26739671169867
705,-4.43245261833738,-14.027264632654994,-15.170006818555347,41.36184451454182
706,1.2284873174972555,4.509339029436062,6.903218618303852,-4.688367891418467
707,-13.447487980104775,-9.011090399433497,-10.804238483800267,25.45511110639817
708,1.1389421555501622,11.271857267483346,-24.695344967780677,29.948098950262413
709,-12.02415252660442,10.026466923409554,26.40199307899184,-3.427521070063817
710,8.445502423938054,13.206466149442889,27.72550287919147,-10.339741036636358
711,18.936569454848566,-4.363230417666488,15.606174957164555,-20.783860825737186
712,-5.5302061781679495,2.256192435869817,16.871300874931645,-6.923411825861569
713,4.472610372313179,-29.89256592606314,-16.63454022844384,43.029960361148284
714,-1.2060773807860712,-4.22089654649045,1.3071755440799353,-8.711973918400778
715,-14.240997842947873,-8.036506738717247,29.919123658615757,-4.96969632146672
716,-22.301674697106055,-9.512640900490277,-31.858810726624657,16.43132883739837
717,7.678784064465979,10.736395971601922,21.759337319587313,-14.08725846441525
718,-0.14997342796368213,-9.135838471185753,11.01754682390526,-25.457685944634854
719,1.1975904411519651,-27.935083735711803,-18.627333462121356,40.04185913003343
720,-5.335540623511971,-13.929976705891109,21.16045642579349,-18.015615494054593
721,4.478255630324733,7.046680881089112,17.327327424434348,-21.474479070450837
722,-0.7357410894354731,1.0754704815322387,0.7530823317581619,-0.21286161758410507
723,-6.145939738195787,16.920730422048354,-12.793038065808563,23.20042213108436
724,-1.0218056423714084,-0.10761355311606746,0.02883143884753596,-1.134505609767896
725,-12.686522160732553,-7.868741670243881,21.774959850417744,-17.396954809789726
726,11.044339297789382,3.755462594384064,-11.360597532904762,12.673382168990877
727,11.069360802474053,-9.326753058400678,-9.084018974929217,36.46900387188789
728,17.948890943867415,-0.8434954138670362,18.129898368807048,-17.912489763214122
729,16.078322958294322,-14.215864440991634,-30.548985701626783,9.30434588251297
730,3.625111487454209,-5.770023934149849,-12.06412659132328,8.961300824848534
731,-3.8489675635892886,-5.624910644237635,15.337048081176276,-8.870481851759797
732,-8.532884574132943,-26.201383240691257,-11.26133872792627,48.15688708687564
733,-25.373449149192744,4.165420842511487,-24.291030489511186,29.89404233420805
734,29.925734863303454,-4.026749882679951,-48.10865987986286,7.972432061645534
735,12.497014776612565,14.723311099230182,-33.4750711320544,18.714383680441333
736,-19.37481295897997,-7.143296239102957,-14.391016302335867,44.21224158974431
737,-4.623254334837938,13.923211510783302,18.502965282529814,-9.998017943080548
738,9.434084220772721,14.126945975183059,-36.982383175055276,21.301014139739124
739,5.486519304729143,7.382874710311659,-7.097800298935523,12.919841824028104
740,-0.6275004016923399,-15.385479036589217,12.45761434061538,-25.171743890743294
741,-5.470786243693645,-14.644691248658573,-17.047828939918453,41.74840284552549
742,16.450410937965202,5.359016775767733,-25.43184385845685,26.361493707349812
743,10.335832382678541,-14.592218587797399,-26.523547067901983,16.2216217772804
744,-3.6467161852113548,2.848700195207803,-13.884967139348026,28.908318821214596
745,1.0292382782196914,-10.80353220261546,16.90713529125477,-3.6618278846069163
746,18.45319262946398,9.069656812231019,-17.36045416545901,28.87655457953628
747,-15.197731145662814,5.422160579230763,25.70265960435365,-4.138453938187157
748,-2.9813512967936857,-13.866718291174175,-18.764434260065215,37.07564672516796
749,-1.5512993980915741,0.7777295170309521,1.7288600955335534,-1.9725922989928248
750,15.764982890205898,-3.153106927956586,29.37542715434926,-1.602244991137889
751,14.972447358422789,15.452832974596703,-47.641887014867976,2.9394113223203155
752,0.1540289328241927,11.890672362750623,20.968350026288707,-1.8894414376329902
753,-23.6147835914158,-8.92670326846456,-29.689153930159595,18.432539245678612
754,-25.757182950025154,-1.1102703842942359,-28.78745530326973,33.316558879352414
755,-22.42510413836508,-18.0141206876614,-10.806478553966416,46.2197533797869
756,1.7827745257692287,5.497433999409982,-4.271469292354804,9.49595069034937
757,-6.630309034224243,-5.107772311887585,23.07733837759918,-13.544023483056787
758,-20.800544386666246,11.589440697018178,-15.646549161112961,29.43847865859002
759,8.4104324441061,13.3064882173929,-15.811690845978427,21.172849640269007
760,-1.8841672820660682,0.8949402305454182,4.192671626305954,-1.681004892106556
761,9.93830143627227,-2.100286115372876,1.7209355447829615,-17.78280552939821
762,-12.661769119887579,-16.63770182369006,37.18891976669193,-4.251706021432782
763,2.095031880620068,-1.0846026091910699,10.419065769758658,-8.340062392790138
764,3.879233064105766,-2.5475774907378974,-23.616320055139603,14.191870106431663
765,-2.9408859644512435,5.3945241371157096,-22.9562992509274,20.429862980337656
766,1.096324539181205,-6.790973028569505,19.628736116813542,-5.770796269334332
767,-5.611563352398183,-4.304154279995809,13.062791256684783,-4.261468221939564
768,-8.430459395349176,4.18285682196483,-7.097066516018847,11.615554977830582
769,18.29300668975286,12.32629650906162,-40.638196634392735,10.739059386022621
770,18.837670842065226,-11.60050629906005,7.174863605372492,-34.683490165322624
771,7.954596421338029,0.324700752557406,-5.416694516941202,11.939065684844401
772,12.077260117501716,-17.620858124509162,16.45063963960956,-25.38964564309406
773,4.684795552862768,19.609654829727972,-14.310751058661735,25.374542215737243
774,3.7560585699658104,-0.3366463341906393,-11.265382562860147,9.27098478215706
775,-12.46969914218083,-12.91242803099064,29.493620789994175,-10.171498087734982
776,8.501454668298155,-26.098267875705414,-7.330538885908844,47.25734383343198
777,-3.6579818486682334,1.6184339400695085,2.3322871277053734,-7.513561413886754
778,-13.798778098530613,1.6241806896248465,-48.29640769062655,4.721806441258975
779,-2.251711137682946,-9.304797215507056,-11.73666335059133,8.132255975494944
780,20.124617163636053,13.075785374703988,-44.29184950459551,8.288694294129273
781,9.363851148658703,-1.3523580367822698,9.123861810684346,-13.979482942799551
782,-3.1302976600132895,-22.551278415803267,-32.60862515443662,9.871954696992262
783,-1.9109315441827628,21.63154908615016,-25.390653389817587,25.713017003213587
784,-1.913093828091557,-1.420059573844397,3.2500787724882083,-3.2116551332563046
785,1.379184256150065,-21.947232972115703,35.073844859087345,-6.3401754683371925
786,3.3825236505882503,3.937203247206033,27.229323667471846,-6.385260465898114
787,11.518096856406821,-14.020512205072944,2.659678219504009,-34.16087445389727
788,17.602553274812905,-14.230007106079109,-33.04103215750289,8.95592827036354
789,-0.07810820647148993,-1.9372091971715677,8.106403686679302,-4.363039333109151
790,-4.902670540676683,1.5615365570068218,2.088697423797791,-13.982935071216996
791,-5.6787855207905995,-0.8557219638968888,7.499775778148492,-12.296475816876344
792,-14.06959845042568,5.248786027683924,-21.863488906833265,9.45062367761778
793,-23.355888166006736,-18.07942196820278,-10.946266909618911,46.695140806622334
794,-12.389249237937385,16.272127385748682,5.072718253060911,-34.36541812969909
795,-0.26702298146981085,28.093671784595553,-2.888339248881953,52.520598369182466
796,-11.731956773710966,4.8677017351805425,-33.17024032952974,11.392539929658051
797,8.313094830862338,-3.558569960298616,-33.266263982470804,7.8100141936261265
798,-10.730925698572499,-15.215166722071807,-6.762376902018026,50.19882353184689
799,14.558995846760368,10.116931295419977,31.560624803757513,-7.857426000828826
800,-1.5021361745156296,2.498710599164274,21.193789796954977,-8.047308784036888
801,-2.4382096433029568,-9.222569702553796,17.08765390432636,-2.2147313097046597
802,-20.792372052174585,-22.186820030957715,-6.555714252097945,50.706204255024296
803,5.557354459890051,0.6938096876217846,11.432042302609306,-0.592802444463969
804,-0.6905246076977439,-4.95384959426978,-9.794458601302873,8.262373597263911
805,-15.553743680347026,-15.905350581592442,34.54616406653062,-6.432927639201777
806,2.1974034209754723,-6.795347791764636,2.112241461039761,-11.869333015688479
807,-0.9407145461831481,0.8549772426782913,-3.4447157942175486,12.286104081676717
808,-2.1073871284304864,-6.6170097290301495,-29.247326808185363,14.98575161402138
809,4.914494672499743,-19.25126553446009,-14.028265095591918,38.94757280091707
810,-19.026398147714207,6.48485393141191,-17.96834642361463,37.28926595242824
811,11.258119816680125,10.147173056621954,24.804695563104538,-12.714110833333368
812,6.716101673283605,7.03860792781368,22.316189508065783,-17.154635920264962
813,5.4787483498936345,-8.730443892789257,11.0747268979542,-23.266060393132825
814,-15.846073442943794,9.175387396716488,-29.018990355037356,15.5898021151882
815,14.009470698601792,3.7257495563322145,5.4208841001778945,-21.194183483041446
816,4.436121371648213,4.7812262240447785,-13.779081170694564,37.33416905415306
817,-6.2383890238775885,-8.09355087312737,17.913713750078937,-2.2359716493057515
818,4.66846507532949,6.534440160860941,15.74042165884922,-1.6785852636180947
819,2.24557623046725,-7.175196358455939,-8.839015103285227,5.841542967248581
820,-9.645429129412157,-15.098287852824635,22.10091514296362,-14.620822245446412
821,-2.7584434958797526,3.71110549822204,7.767211120435748,-11.901677415414687
822,4.626189569059646,1.668970466814082,10.858612274759329,-1.1859400658715935
823,-8.455009346927495,-10.823104254243685,29.276604442838163,-14.917601422879585
824,11.494918452743772,4.153710510295495,27.460199059435652,-13.302568785691868
825,5.5799245911871385,-7.709624910407936,-9.79183883903575,16.1088409830169
826,17.694972262056595,-20.190894078939866,-9.29027577052456,36.96450935051779
827,-0.6246648808387139,13.416885395956786,-33.212852199405354,5.686167271876037
828,-5.576254047623417,4.174436851661506,-11.231264149301957,28.838521655469375
829,14.645859240542341,1.7584649057081831,-16.56052442929941,30.17217008574237
830,0.31372815625595035,-13.158484427277513,17.993218998707427,-7.411480301964731
831,20.73732555452832,5.295766812297512,33.02932946555505,-6.2680562190317
832,17.451128601239546,-1.925273033718935,30.87312719403031,-2.0305112145983717
833,-0.10662014781178951,12.77404052734047,21.037897724948543,-1.4188735149655547
834,-3.3340373973319406,-4.538720323548132,17.085400113855798,-13.238573058889402
835,-27.314477338601446,11.200532844786451,-40.876642277029646,14.478469595637286
836,-10.012269124181737,-6.958144083286412,-9.142725653931343,29.16933383920366
837,7.572020825401966,1.205149086340826,-14.577551322924355,7.167369904722634
838,-1.1336288510591719,-6.227165512093242,16.604519166262296,-8.230533176525372
839,-17.53277144848655,-15.180245194956754,-38.28336025027768,11.49271078089359
840,-2.527508299826545,2.472776905989765,6.162101653750069,-0.599431747943711
841,-7.106076541553124,16.615935226231464,2.775946851186255,-30.511037881838345
842,-13.368982149632409,-9.68471536235139,-9.9993677430476,27.456972967018523
843,-0.053117918032211664,8.918857117747228,18.916502623138246,-2.515667756907323
844,12.152636966949622,-13.578530092854688,5.879161376645471,-32.0129113780574
845,-1.7944246261903412,-1.0058619989597901,3.3580179236791485,-4.2350104737327365
846,0.07446115363299076,-0.06733576465240983,0.13681131600438526,-0.3274536045471639
847,7.566630959598071,4.85442030982488,15.54541504933974,-13.787435624178075
848,10.385185001775966,7.409390849699509,6.507238885535398,-20.369170579749444
849,3.1649421400197046,-5.155614921876047,19.09972331554731,-12.150290656182882
850,2.854718829465266,7.354755074282927,12.285776693053759,-4.608435621731418
851,-2.86082734415627,-27.473003656318948,-12.55549660068105,39.489900363340695
852,14.98617864721989,16.0310619274718,-27.778426831362033,16.706295015586793
853,-1.2712466376533695,-4.248465214505633,1.906344630134833,-7.262685348907525
854,-21.111615134063605,-5.391240113333841,-40.16394274785924,11.126959401316519
855,14.124874353576288,4.8105047460779735,4.989459167227441,-23.31926941073867
856,16.184219684997405,-3.3797017080520533,30.185457237823538,-1.217431662328863
857,-17.798592820629082,3.223453583556642,-11.709701818844621,29.68899235184579
858,-18.622645403435822,-1.8285489498393765,-19.33474846366716,17.362438223817175
859,17.82610736441852,-11.851080961591958,-31.18552987905362,10.474328747963739
860,-2.7048885814931234,6.308106977489388,9.971191078548708,-30.640209784417703
861,18.971222489949348,1.4623594010556282,21.636806397421445,-14.660313924508365
862,-5.051375547286127,6.184174150391669,-40.461244524781115,12.153347180376247
863,-0.3521556018479779,-16.31314579445315,-4.056749433800292,26.98114262915389
864,-4.96702687900607,27.048046188516913,-18.900593888610793,31.24983279050169
865,22.84877633231658,11.325010713597264,-33.69796899637209,23.11991317753615
866,-2.266196704716476,-4.1056766636350766,5.903689371610924,-4.595315569776764
867,-4.518189876674201,10.761041786516255,-40.293391001819614,11.567001720334643
868,3.5359535220285894,-3.484073116432704,-16.795030550734005,34.79913328380982
869,-1.1875285682484054,8.826722227123243,9.061136572103836,-9.036602039914916
870,19.482717261065947,-13.00962533076497,7.951672929060226,-36.199391599165764
871,-19.305096376338362,-1.304545284939115,-19.386757950751864,18.941008312122694
872,-16.296380249120293,14.807002542402026,-25.035951852931454,19.282358556185404
873,-13.71081281474686,8.096546064910534,14.864184114805289,-19.41544107973727
874,-7.893398270828012,-2.4037622788146726,25.839256651638276,-10.645196721347737
875,-28.6346466192541,-9.689639922521557,-23.148114074023823,34.95702555533661
876,2.381620779609547,-8.725101798011028,15.505726760105697,-6.12670370306173
877,-5.688485349624244,0.38110656180999525,27.773333937920697,-1.409254136888897
878,13.737615526177827,3.7991673594632798,5.883386375780493,-20.523768679559264
879,5.79619758302755,-3.6988324754393505,12.722259531297183,-7.925148391421283
880,-10.699405299407303,-2.2114328501982623,13.961612160539163,-17.11642372452338
881,8.20070296022335,-17.033514891283808,6.595523041715065,-30.268629684036217
882,12.097008113796353,7.505180257791281,1.7254120170236096,-25.683514412394928
883,22.233782288659448,-5.303511208756411,-11.841197142973956,34.38438651229202
884,-15.395124919846863,-4.937073402230768,-37.76565700797407,9.406149320862541
885,1.3285028929685612,0.5725515033206697,0.32231268329805923,-2.138471397805822
886,-2.4140032230305732,-6.351053850675659,18.46646424461711,-6.565258469997163
887,-12.243196484640885,15.427181641426403,9.254023124824444,-26.085409552950868
888,2.890497659531533,1.1164112419571939,1.5652368280441116,-4.489446446897345
889,1.4299671778432106,1.852306939499675,1.2522374383076402,-4.239870329967761
890,1.4591819867331364,1.7836747405271367,1.5631631986321912,-4.125252856772557
891,-2.6555356559097563,-5.438909490097142,-5.813412001457391,9.260528019601265
892,-0.19929255155175993,-10.045707650154593,17.35866021114803,-2.9109074176373495
893,17.37142856363832,-0.39663976595516925,32.70839119730204,-0.2810278949786067
894,-6.868344491685986,5.888135800125647,19.751523741566494,-11.501718102229239
895,-8.30645930883496,-2.284572493820813,-18.74459656627521,7.305315482643107
896,-1.2597736513014262,-10.061503983542782,18.39683529373062,-2.7482907103745364
897,-14.059239446172803,6.62661142763386,27.691634275314932,-9.487548588160019
898,-3.188758875041565,-16.48306314403283,-7.158484096804058,24.2378474540309
899,4.2266856086139954,1.0273091290764282,10.391421694312402,-0.7111029604573386
900,-4.487926233901064,-7.061320975331739,13.537764046676982,-5.885233197242494
901,6.3057607668832,-2.2899202461472288,12.501923109742943,-4.76268095925827
902,5.785516665765432,-27.41249219924064,-3.7438010276284057,47.69562356237912
903,0.18064835911896054,-1.1489811445068303,9.77234131906862,-7.798423600123242
904,13.6460063257396,-13.57947564959615,5.259558429329929,-34.017803512844246
905,3.01630104368977,6.549989107616299,-31.38199162623844,12.692715055344891
906,-3.9755221309993662,-3.303759113168551,4.9030787552274395,-11.183082676023451
907,-1.3463427327793551,-12.573926491868084,14.719343776084534,-24.113264345894088
908,20.483168341986,9.098960233331434,-3.41396840421626,36.95544107470107
909,-27.053378383591163,-16.56546730612096,-11.299143406475856,46.43729784570532
910,-1.481328611539809,12.804145116111403,21.341779800671787,-0.47866138759538135
911,-2.722415919174989,1.288859979984905,3.06155161912064,-6.98679705204605
912,-1.0206787933320463,-0.12369013636603671,3.3626504070073384,-1.3400484322967716
913,5.5259895036656115,10.696053613169322,-19.812232519213637,10.343103039951302
914,-7.6694750891782,13.178741883985394,24.192928454097476,-4.935659372988653
915,-16.00246482028943,6.916511130114503,-24.04277878330699,9.046761634427229
916,-14.54780930634348,3.8344514671596395,-20.04194130811886,9.813640307194568
917,0.2024574643946203,12.260518942498434,19.344405307189064,-2.9524943656921403
918,-13.504501963964202,-9.317433341098475,-10.18321132233262,25.24169140547563
919,14.070946866070893,-18.89550158239456,19.234455040562587,-22.502169808173075
920,0.06398727505412577,22.16877412938992,-22.97001551363569,27.25636783279993
921,-1.8565271176397555,4.728591065585544,1.5807708824638145,-9.616429864137123
922,10.361694190547908,-17.321921949522874,-22.030298189202195,12.969167533583073
923,10.245390660822093,15.58516042615734,-14.498009140504802,26.01276618272551
924,-2.3354781062236367,4.499329553074444,1.5096097659266956,-9.984467727435334
925,-4.1296609765632715,14.746005228645139,8.323240116110663,-26.80082370292762
926,2.5583043507339562,1.121380737231294,0.8113622102242515,-4.224143761148184
927,-14.115963521818609,-22.81331696230623,-6.259457369815007,50.76513720807621
928,-27.303260671799112,18.303550486915015,-51.89351711831772,6.126467288860822
929,15.148963571068354,20.661661599365278,-43.47657049622487,8.040583461907966
930,6.188337701126018,16.212409309728663,-24.066397956917722,27.863527183342878
931,-16.841180578533795,13.489518670090096,0.5830611972889311,-40.10693048429331
932,20.92249246854118,11.718581567315434,-45.16785575436055,7.599825243826945
933,-0.055159163781190956,-0.23457729657359666,-1.0808509528387178,1.12183928632298
934,19.465893439404557,1.3748763370120287,-13.881944298687461,27.68433096439537
935,9.702847166680565,2.6876560452055505,8.035489312762236,-21.321261232047448
936,-2.157815353760813,-1.0224474495117413,4.12854740602863,-2.169600283721619
937,-19.75375839757237,-12.047124213004423,-36.093944292463625,12.297760177637043
938,-1.9670782232806294,-0.04916671447131375,5.111065667556178,-3.308147054718292
939,3.4690938757951577,13.482618617253515,22.125913169766957,-13.276780293497847
940,7.173455774993922,9.329039155706438,-10.917402724059958,16.125830599005603
941,-3.3978947607955754,17.44200445098224,4.533852240380249,-30.42481713369551
942,7.692500152197022,3.6607757470401614,14.098171197076631,-2.1877371807870967
943,19.114074407946177,3.751708837579642,28.218267377626137,-9.367817061583944
944,22.56556130344246,0.2180242495548261,-49.81293726923613,9.307999146751534
945,18.627296043429947,6.4686003368224325,33.8795481451373,-2.437321820971151
946,-3.869565947057502,3.2242359080219742,11.968180156442095,-26.719520695024443
947,2.9648429388834106,23.282419507540478,-24.234694592148568,27.44591141839887
948,14.581059805605149,11.035620473793163,-27.295312394864524,17.166138596897877
949,6.539464938289664,1.176897961768336,8.383897876842099,-11.611776730288186
950,-8.663930700791687,-1.1513356557836705,-17.616225241116197,13.085390254984112
951,5.666099174697546,6.073042066949583,-5.524575953180195,13.559904204202597
952,-7.045610046987527,-3.4891745845288744,19.870502741511185,-9.459514404702393
953,7.4931676538573955,0.9953730433342087,-14.841241667696691,7.080979863187194
954,4.348918006264677,9.983188594671693,-25.735902916866625,11.171747652220274
955,0.34966424045764233,-1.2433851952720452,-0.5080585506613453,4.216855786081369
956,14.834761430265335,-2.3091222744078532,-25.515513611636788,19.90090423414848
957,-4.546901910282833,7.870532276751161,5.047103091061535,-13.560981936773146
958,22.559647206093167,18.03468431621747,-24.518429592436913,31.1915379427617
959,-0.5594466055821543,7.484531127939156,10.078617237697554,-7.7370613871761655
960,3.5518407814098087,-26.626233824970015,-6.659569841966475,46.912049043605315
961,-5.364802530430929,13.726544975595832,-6.466906970799813,20.991693584631786
962,12.061967922788098,9.506316410605843,-38.31398280615452,5.59379876646782
963,-20.570569035446685,-21.648614535494346,-12.990976574649661,47.237294306973894
964,9.262526348629578,10.651740008592176,1.430252194311981,-25.689061249944462
965,-0.26751756719619757,7.875535387977868,10.262170184678412,-7.732218104315549
966,4.009742951736779,1.9170916441725245,-16.57488175468719,15.366833008973721
967,16.593331019401816,-2.381388861377782,28.71513423798743,-4.116278434884293
968,-27.938584704140172,14.2374709368706,-53.23078248458664,7.773799711892193
969,1.9799735774296376,-15.00788270435649,-4.7732093179638735,26.027779805050404
970,11.909770255179208,1.6241410539342056,13.798842786011917,-16.09442702195776
971,17.85858090839142,-1.8721721487743732,27.25553376295558,-13.167387976159283
972,16.902125536635477,-2.0405439831730834,29.861432360556808,-3.0658248036039906
973,1.9136405644044303,-7.141855018425624,2.7603557034529085,-12.255460417940702
974,27.74621246913511,13.772933667836567,-36.637959681243125,21.762043518913575
975,-6.462130231183573,15.758796774451296,7.578605144779767,-27.352009889039092
976,15.632401953532566,14.195079945477456,-6.2844715278206875,32.648411234356985
977,-23.200425628644716,15.32754346551742,-27.412197048409563,29.00810937024528
978,-0.7055671920238911,1.4352009975923417,0.7187230011888898,-0.41284036944288305
979,1.102021559194005,-0.7537534869177127,3.0092014418719533,-2.1758384903207633
980,-6.221414182801988,1.8410357548167893,21.08014956323031,-6.521614701673564
981,1.8885338402369511,10.95259464587288,-29.46902168108893,11.136244010714945
982,13.010280213211903,3.5896629532415547,-28.409008132013366,26.289600732783352
983,11.646224700174658,4.941999569938816,-10.914983307440133,13.645460170291791
984,-5.865409349834193,16.237529286733903,5.040547555018419,-29.56851988200984
985,6.284998408409785,14.22162986687074,-8.66290683520277,25.487821677226485
986,11.365631373120324,5.398318029507436,16.980623584464933,-20.247064482357846
987,9.220381795170693,-0.3263068973584373,-24.272564940459567,20.389117454938923
988,-6.732163595004812,-8.392725305233704,15.992885017840347,-12.396342285845977
989,2.901820414017782,-6.015365540269818,15.043660712133406,-23.398013343545472
990,-0.6685702214100193,11.589685151012056,-14.812041806311846,24.338170127663613
991,-28.86693504210691,2.1954706497592764,-36.38942749195545,21.65560900089624
992,13.4876441741799,9.993888270287542,-53.24654049072909,7.10592946601828
993,-16.34649254766336,4.589699419344878,-27.397226336702193,4.349506902963552
994,-11.874590722835695,3.5008308853821877,-33.354425185345335,11.748532199123535
995,-15.432705019041535,-9.163786394707241,-10.36505230021415,27.435952777581438
996,-4.304469364748051,-5.201102262977089,14.238097435111335,-14.404128040754482
997,-20.687613842302124,0.2778798200719026,-14.035976303123165,25.94383073075841
998,-8.980090394027783,13.128749713661193,24.49442575062087,-4.829764272934297
999,16.92190304847458,9.523686076595407,-18.14674693086213,26.366741865443007
1000,-3.3390921434398217,1.3018575027338457,7.958059160252303,-1.3280005093752365
